Usuarios,Rangos
Prota De Anime乛,Owners
ashMeltdown,Vip3
-NEUM-,Owners
竜Hαdes竜,Owners
Juan,Owners
piikchuu,Admins
Zaeth Ω,Admins
NEGAN®,Admins
ArtSot,Admins
Gandora X,Admins
the_king_10,Admins
dragonheart47,Admins
༒ᴄʜᴇʀʀÿ༒,Admins
XPhathomX,Admins
Benji_MZ,Admins
K1ngsDeath,Moderadores
€Ł_Ƥ€ƤØ,Moderadores
Darkson24,Moderadores
Pedro,Moderadores
Marha16,Moderadores
TitanicPanda305,Moderadores
WAS bbb,Moderadores
juanse91,Moderadores
6-NINJA-9,Moderadores
Bearzebu666,Moderadores
Ayaxtron,Moderadores
Comunix,Moderadores
foxs_hunter,Vip3
ceAndyX,Vip3
Min 0840,Vip3
Luzbel_Star,Vip3
YumeLoqueraVR,Vip3
xdenkitsu,Moderadores
Alice in Thorns,Admins
_ArcEnCiel_,Vip3
Chris_Sadie,Vip3
Kuroi ōkami,Vip3
Curvus,Vip3
08blackknight af3e,Vip3
DarklyMask,Vip3
Slyn_,Vip2
flowita,Vip3
Necroon,Vip3
VectorGalaxy,Vip3
TheFurryBackup,Vip3
Kyubi Hitoshi,Vip3
--Nero,Vip1
〨༒ Milanesa ༒〨,Vip1
Lady Pirriot,Vip1
Ramon,Vip1
Samuel,Vip2
qdizzle104,Vip1
Rodrigo,Vip3
JUJANG,Vip3
Reinhard_43,Vip1
DarkyFolf,Vip1
Evasis,Vip1
Denzei-kun,Vip1
IShadou,Vip1
redwichx,Vip1
Luvis,Vip1
Dulce de fresa,Vip1
么C H A S E R么,Vip1
Saitan Kid,Vip1
finnifoxx,Vip1
Pichichurris_,Vip1
ktrsx,Vip1
TFuzion,Vip1
BloodyCrucifix,Vip1
Antrikitito,Vip1
lesliechow002,Vip1
goku1975,Vip1
Magachii,Vip1
Bachiira,Vip1
Kazkazo,Vip1
～ Rakkun～,Vip1
Evilmoonlight,Vip1
-EGAMEPRO-,Vip1
Sir_Richard_23,Vip1
ZeitaXㅇㅅㅇ,Vip1
٠Lady Berry٠,Vip1
Thenraez,Vip1
3D Master,Vip1
shiro yt,Vip1
Mortii,Vip3
Owen88f,Vip3
-CORTANA 117,Vip3
AlexitoPanda17,Vip3
Suki,Vip3
MizuQwQ,Vip3
KShadow_vt,Vip3
killerpikapunk c1fe,Vip3
[1] Local Player,Owners













































































